Category,Service Name,Fulfillment / Partner,Description
Growth & Visibility,SearchLift‚ĄĘ SBO Engine,uSBO (Search Optimization) and advanced SEO architecture,"When customers search, your brand should be found ‚ÄĒ not buried. SearchLift‚ĄĘ engineers structured visibility across search engines and AI-driven discovery platforms to generate sustained inbound demand. This isn't surface-level SEO. It's search dominance architecture."
Growth & Visibility,DirectAlign‚ĄĘ Media Engine,uEVERYWHERE OPM, JamLoop, OTT/CTV, OOH platforms,"DirectAlign‚ĄĘ deploys your brand across connected TV, streaming platforms, and digital out-of-home networks ‚ÄĒ turning passive audiences into high-trust brand familiarity."
Growth & Visibility,Authority Amplifier‚ĄĘ PR System,uPR and national media distribution networks,"Authority Amplifier‚ĄĘ positions your brand across digital media outlets to generate trust, backlinks, and reputation signals that strengthen both SEO and buyer confidence."
Growth & Visibility,Signal Surge‚ĄĘ Paid Traffic Lab,Paid ads fulfillment partners and advanced ad platform orchestration,"Signal Surge‚ĄĘ activates controlled ad campaigns across search, social, and display networks designed to generate immediate leads while feeding long-term data intelligence."
Growth & Visibility,NearRank‚ĄĘ Local Discovery Engine,uMNM (NearMe Campaign Management) and local discovery platforms,"NearRank‚ĄĘ dominates local map pack visibility across Google, Apple Maps, voice search, and 200+ discovery platforms. This is automated local search infrastructure."
Engagement & Communication,ConvoFlow‚ĄĘ AI Chat Suite,AI conversation platforms and multi-channel orchestration systems,"ConvoFlow‚ĄĘ qualifies leads, answers questions, and routes opportunities across web, SMS, and social messaging channels ‚ÄĒ without human bottlenecks."
Engagement & Communication,InboxIgnite‚ĄĘ Smart Email Engine,uBLAST (Insane Email Marketing) and enterprise email platforms,"InboxIgnite‚ĄĘ transforms email from a newsletter tool into a measurable revenue channel using segmentation, automation, and campaign intelligence."
Engagement & Communication,TextPulse‚ĄĘ SMS Automation,SMS gateway providers and TCPA-compliant consent systems,"TextPulse‚ĄĘ turns mobile messaging into a high-conversion communication layer for reminders, offers, and engagement."
Engagement & Communication,VoiceBridge‚ĄĘ AI Receptionist,AI voice platforms and telephony integrations,"VoiceBridge‚ĄĘ answers, qualifies, books, and escalates calls without missing opportunities or overloading staff."
Appointments & Conversions,BookStream‚ĄĘ Smart Scheduling Hub,Scheduling platforms and calendar APIs,"BookStream‚ĄĘ structures automated booking, reminders, confirmations, and follow-ups ‚ÄĒ reducing no-shows and maximizing scheduled revenue without manual coordination."
Appointments & Conversions,CloseCraft‚ĄĘ Funnel Builder,Landing page builders and conversion optimization tools,"CloseCraft‚ĄĘ builds optimized landing flows that guide prospects toward action with clarity and persuasive sequencing."
Appointments & Conversions,DealDrive‚ĄĘ Proposal Automation,Proposal software and e-signature platforms,"DealDrive‚ĄĘ shortens sales cycles and increases close velocity with dynamic pricing logic and automated proposal flows."
Appointments & Conversions,PayPortal‚ĄĘ Dynamic Checkout,Payment processors and PCI-compliant systems,"PayPortal‚ĄĘ enables subscription, one-time, and performance-based payment structures with frictionless checkout."
Systems & Operations,HubAI‚ĄĘ CRM Architecture,Umbrella CRM and automation stack platforms,"HubAI‚ĄĘ unifies contacts, automation, pipeline management, and reporting into one operational command center."
Systems & Operations,FlowForge‚ĄĘ Automation Lab,Automation platforms and API integrations,"FlowForge‚ĄĘ connects systems, triggers workflows, and eliminates repetitive manual processes across your tech stack."
Systems & Operations,CommandDesk‚ĄĘ Client Portal System,Portal platforms and secure file storage,"CommandDesk‚ĄĘ provides branded portals for reporting, assets, communication, and shared deliverables."
Knowledge & Activation,SkillSprint‚ĄĘ Academy,Learning management systems and content platforms,"SkillSprint‚ĄĘ delivers guided educational tracks, certifications, and competency development."
Knowledge & Activation,OnboardX‚ĄĘ Client Activation System,Onboarding platforms and automation builders,"OnboardX‚ĄĘ standardizes intake, setup, and early momentum milestones."
Brand & Signal,Voice & Vibe‚ĄĘ Production Engine,Audio production tools and voice platforms,"Voice & Vibe‚ĄĘ produces visual and narrative assets that align messaging, aesthetics, and authority across channels."
Brand & Signal,StoryFrame‚ĄĘ Brand Narrative Suite,Brand strategy frameworks and content systems,"StoryFrame‚ĄĘ builds structured messaging architecture that aligns brand voice, audience psychology, and market differentiation."
Performance & Insights,InsightLoop‚ĄĘ Analytics Dashboard,Reporting and analytics platforms,"InsightLoop‚ĄĘ centralizes performance data into actionable intelligence dashboards for growth optimization."
Governance & Guardrails,TrustGuard‚ĄĘ Governance Layer,Governance platforms and compliance tools,"TrustGuard‚ĄĘ establishes data governance, automation boundaries, brand safety, and compliance protocols."
Partnerships & Expansion,AllianceOS‚ĄĘ Growth Partnerships Engine,Partnership platforms and white-label systems,"AllianceOS‚ĄĘ structures white-label, reseller, and JV frameworks to expand distribution without operational overload."
Membership & Access Layer,Socialutely Circle‚ĄĘ,Select tools and learning resources,"Select tools, learning resources, and strategic updates for members."
Membership & Access Layer,Momentum Vault‚ĄĘ,Curated resource library,"Templates, playbooks, and intelligence assets for members."
Membership & Access Layer,Concierge Access‚ĄĘ,FORA / Travel Partnerships,"Travel and experiential benefits aligned with strategic relationship tiers. FORA / Travel Partnerships."
Membership & Access Layer,AI Maturity Diagnostic & Blueprint‚ĄĘ,Assessment and blueprint delivery,"Comprehensive assessment of your AI readiness and a tailored blueprint to mature your marketing operations."
