Service ID,Category,Service Name,Tier
101,Growth & Visibility,SearchLift‚ĄĘ SBO Engine,Momentum
102,Growth & Visibility,DirectAlign‚ĄĘ Media Engine,Vanguard
103,Growth & Visibility,Authority Amplifier‚ĄĘ PR System,Signature
104,Growth & Visibility,Signal Surge‚ĄĘ Paid Traffic Lab,Momentum
105,Growth & Visibility,NearRank‚ĄĘ Local Discovery Engine,Essentials
106,Growth & Visibility,AutoRank‚ĄĘ Search Box Optimizer,Momentum
201,Engagement & Communication,VoiceBridge‚ĄĘ AI ChatLabs,Momentum
202,Engagement & Communication,InboxIgnite‚ĄĘ Smart Email Engine,Essentials
203,Engagement & Communication,TextPulse‚ĄĘ SMS Automation,Momentum
301,Appointments & Conversions,BookStream‚ĄĘ Smart Scheduling Hub,Essentials
302,Appointments & Conversions,CloseCraft‚ĄĘ Funnel Builder,Momentum
303,Appointments & Conversions,DealDrive‚ĄĘ Proposal Automation,Momentum
304,Appointments & Conversions,PayPortal‚ĄĘ Dynamic Checkout,Momentum
401,Systems & Operations,HubAI‚ĄĘ CRM Architecture,Momentum
402,Systems & Operations,FlowForge‚ĄĘ Automation Lab,Momentum
403,Systems & Operations,CommandDesk‚ĄĘ Client Portal System,Signature
501,Knowledge & Activation,SkillSprint‚ĄĘ Academy,Signature
502,Knowledge & Activation,Onboardly‚ĄĘ Client Activation System,Momentum
503,Knowledge & Activation,Adaptation‚ĄĘ AI Readiness Rung 2,Momentum
601,Brand & Signal,Voice & Vibe‚ĄĘ Production Engine,Signature
602,Brand & Signal,StoryFrame‚ĄĘ Brand Narrative Suite,Signature
701,Performance & Insights,InsightLoop‚ĄĘ Analytics Dashboard,Signature
801,Governance & Guardrails,TrustGuard‚ĄĘ Governance Layer,Signature
802,Governance & Guardrails,ReputationStack‚ĄĘ Reviews Engine,Essentials
901,Partnerships & Expansion,AllianceOS‚ĄĘ Growth Partnerships Engine,Sovereign
1001,Membership & Access,Socialutely Circle‚ĄĘ,Essentials
1002,Membership & Access,Momentum Vault‚ĄĘ,Essentials
1003,Membership & Access,Concierge Access‚ĄĘ,Vanguard
1004,Membership & Access,AI Maturity Diagnostic & Blueprint‚ĄĘ,Signature
